Dataset,Accuracy,Total_Images,Correct_Predictions,Processing_Time_Seconds,Processing_Time_Formatted,Avg_Time_Per_Image,Errors
Filtered,89.65517241379311,29,26,10.176602363586426,10.2s,0.35091732288229055,0
Unfiltered,93.83333333333333,600,563,196.4290919303894,3m 16s,0.32738181988398235,0
