Dataset,Accuracy,Total_Images,Correct_Predictions,Processing_Time_Seconds,Processing_Time_Formatted,Avg_Time_Per_Image,Errors
Filtered,86.14035087719299,570,491,143.53562903404236,2m 23s,0.2518168930421796,0
Unfiltered,85.66666666666667,600,514,141.3868842124939,2m 21s,0.23564480702082316,0
