Dataset,Accuracy,Total_Images,Correct_Predictions,Processing_Time_Seconds,Processing_Time_Formatted,Avg_Time_Per_Image,Errors
Filtered,83.33333333333334,12,10,4.5724451541900635,4.6s,0.3810370961825053,0
Unfiltered,91.83333333333333,600,551,186.95449471473694,3m 6s,0.31159082452456155,0
