Dataset,Accuracy,Total_Images,Correct_Predictions,Processing_Time_Seconds,Processing_Time_Formatted,Avg_Time_Per_Image,Errors
Filtered,90.81632653061224,98,89,23.770922899246216,23.8s,0.24256043774741037,0
Unfiltered,91.83333333333333,600,551,164.76748514175415,2m 44s,0.2746124752362569,0
