Dataset,Accuracy,Total_Images,Correct_Predictions,Processing_Time_Seconds,Processing_Time_Formatted,Avg_Time_Per_Image,Errors
Filtered,66.66666666666666,3,2,0.7704148292541504,0.8s,0.2568049430847168,0
Unfiltered,91.83333333333333,600,551,143.86105298995972,2m 23s,0.23976842164993287,0
