Dataset,Accuracy,Total_Images,Correct_Predictions,Processing_Time_Seconds,Processing_Time_Formatted,Avg_Time_Per_Image,Errors
Filtered,94.72573839662446,474,449,114.1325204372406,1m 54s,0.2407859080954443,0
Unfiltered,94.33333333333334,600,566,164.06536507606506,2m 44s,0.2734422751267751,0
