Dataset,Accuracy,Total_Images,Correct_Predictions,Processing_Time_Seconds,Processing_Time_Formatted,Avg_Time_Per_Image,Errors
Filtered,92.92929292929293,99,92,24.191808462142944,24.2s,0.24436170163780752,0
Unfiltered,94.33333333333334,600,566,141.68021535873413,2m 21s,0.23613369226455688,0
