Dataset,Accuracy,Total_Images,Correct_Predictions,Processing_Time_Seconds,Processing_Time_Formatted,Avg_Time_Per_Image,Errors
Filtered,83.33333333333334,12,10,2.8529317378997803,2.9s,0.23774431149164835,0
Unfiltered,85.33333333333334,600,512,161.92680096626282,2m 41s,0.269878001610438,0
