Dataset,Accuracy,Total_Images,Correct_Predictions,Processing_Time_Seconds,Processing_Time_Formatted,Avg_Time_Per_Image,Errors
Filtered,85.37414965986395,588,502,141.21431469917297,2m 21s,0.24016039914825335,0
Unfiltered,85.33333333333334,600,512,129.83237528800964,2m 9s,0.21638729214668273,0
