Dataset,Accuracy,Total_Images,Correct_Predictions,Processing_Time_Seconds,Processing_Time_Formatted,Avg_Time_Per_Image,Errors
Filtered,79.3103448275862,29,23,7.486600875854492,7.5s,0.2581586508915342,0
Unfiltered,84.66666666666667,600,508,149.82691478729248,2m 29s,0.24971152464548746,0
