Dataset,Accuracy,Total_Images,Correct_Predictions,Processing_Time_Seconds,Processing_Time_Formatted,Avg_Time_Per_Image,Errors
Filtered,81.0126582278481,79,64,20.869093894958496,20.9s,0.26416574550580374,0
Unfiltered,84.66666666666667,600,508,140.25863695144653,2m 20s,0.23376439491907755,0
