Dataset,Accuracy,Total_Images,Correct_Predictions,Processing_Time_Seconds,Processing_Time_Formatted,Avg_Time_Per_Image,Errors
Filtered,77.77777777777779,27,21,10.001633167266846,10.0s,0.3704308580469202,0
Unfiltered,85.66666666666667,600,514,149.108722448349,2m 29s,0.248514537413915,0
