Dataset,Accuracy,Total_Images,Correct_Predictions,Processing_Time_Seconds,Processing_Time_Formatted,Avg_Time_Per_Image,Errors
Filtered,77.77777777777779,27,21,5.876405477523804,5.9s,0.21764464731569644,0
Unfiltered,85.66666666666667,600,514,156.11623692512512,2m 36s,0.26019372820854186,0
