Dataset,Accuracy,Total_Images,Correct_Predictions,Processing_Time_Seconds,Processing_Time_Formatted,Avg_Time_Per_Image,Errors
Filtered,82.25806451612904,124,102,31.837353229522705,31.8s,0.2567528486251831,0
Unfiltered,85.33333333333334,600,512,130.0409436225891,2m 10s,0.21673490603764853,0
