Dataset,Accuracy,Total_Images,Correct_Predictions,Processing_Time_Seconds,Processing_Time_Formatted,Avg_Time_Per_Image,Errors
Filtered,85.18518518518519,27,23,7.085155725479126,7.1s,0.2624131750177454,0
Unfiltered,85.33333333333334,600,512,138.46925377845764,2m 18s,0.23078208963076274,0
