Dataset,Accuracy,Total_Images,Correct_Predictions,Processing_Time_Seconds,Processing_Time_Formatted,Avg_Time_Per_Image,Errors
Filtered,93.05555555555556,72,67,17.06572723388672,17.1s,0.23702398935953775,0
Unfiltered,94.33333333333334,600,566,154.24135375022888,2m 34s,0.25706892291704814,0
