Dataset,Accuracy,Total_Images,Correct_Predictions,Processing_Time_Seconds,Processing_Time_Formatted,Avg_Time_Per_Image,Errors
Filtered,76.66666666666667,30,23,8.616939067840576,8.6s,0.2872313022613525,0
Unfiltered,85.66666666666667,600,514,171.48579859733582,2m 51s,0.28580966432889304,0
