Dataset,Accuracy,Total_Images,Correct_Predictions,Processing_Time_Seconds,Processing_Time_Formatted,Avg_Time_Per_Image,Errors
Filtered,84.93870402802102,571,485,151.0399672985077,2m 31s,0.2645183315210292,0
Unfiltered,84.66666666666667,600,508,170.11871790885925,2m 50s,0.28353119651476544,0
