Dataset,Accuracy,Total_Images,Correct_Predictions,Processing_Time_Seconds,Processing_Time_Formatted,Avg_Time_Per_Image,Errors
Filtered,85.86723768736617,467,401,100.07722353935242,1m 40s,0.21429812321060474,0
Unfiltered,85.33333333333334,600,512,146.99381923675537,2m 26s,0.24498969872792561,0
