Dataset,Accuracy,Total_Images,Correct_Predictions,Processing_Time_Seconds,Processing_Time_Formatted,Avg_Time_Per_Image,Errors
Filtered,91.86295503211991,467,429,129.56037163734436,2m 9s,0.27743120264955967,0
Unfiltered,91.83333333333333,600,551,178.54212307929993,2m 58s,0.29757020513216653,0
