Dataset,Accuracy,Total_Images,Correct_Predictions,Processing_Time_Seconds,Processing_Time_Formatted,Avg_Time_Per_Image,Errors
Filtered,92.5925925925926,27,25,7.201080560684204,7.2s,0.2667066874327483,0
Unfiltered,94.33333333333334,600,566,155.49366426467896,2m 35s,0.25915610710779824,0
